GameID,TeamA,TeamB,proj_low_low_Points_TeamA,proj_low_low_Points_TeamB,proj_low_low_C_Team,proj_low_low_VC_Team,proj_low_low_CVC,proj_low_low_TeamA_PlayersCount,proj_low_low_TeamB_PlayersCount,proj_low_low_Ratio_of_Players,proj_low_low_CVC_Ratio,GameID,TeamA,TeamB,proj_low_med_Points_TeamA,proj_low_med_Points_TeamB,proj_low_med_C_Team,proj_low_med_VC_Team,proj_low_med_CVC,proj_low_med_TeamA_PlayersCount,proj_low_med_TeamB_PlayersCount,proj_low_med_Ratio_of_Players,proj_low_med_CVC_Ratio,GameID,TeamA,TeamB,proj_low_high_Points_TeamA,proj_low_high_Points_TeamB,proj_low_high_C_Team,proj_low_high_VC_Team,proj_low_high_CVC,proj_low_high_TeamA_PlayersCount,proj_low_high_TeamB_PlayersCount,proj_low_high_Ratio_of_Players,proj_low_high_CVC_Ratio,GameID,TeamA,TeamB,proj_med_low_Points_TeamA,proj_med_low_Points_TeamB,proj_med_low_C_Team,proj_med_low_VC_Team,proj_med_low_CVC,proj_med_low_TeamA_PlayersCount,proj_med_low_TeamB_PlayersCount,proj_med_low_Ratio_of_Players,proj_med_low_CVC_Ratio,GameID,TeamA,TeamB,proj_med_med_Points_TeamA,proj_med_med_Points_TeamB,proj_med_med_C_Team,proj_med_med_VC_Team,proj_med_med_CVC,proj_med_med_TeamA_PlayersCount,proj_med_med_TeamB_PlayersCount,proj_med_med_Ratio_of_Players,proj_med_med_CVC_Ratio,GameID,TeamA,TeamB,proj_med_high_Points_TeamA,proj_med_high_Points_TeamB,proj_med_high_C_Team,proj_med_high_VC_Team,proj_med_high_CVC,proj_med_high_TeamA_PlayersCount,proj_med_high_TeamB_PlayersCount,proj_med_high_Ratio_of_Players,proj_med_high_CVC_Ratio,GameID,TeamA,TeamB,proj_high_low_Points_TeamA,proj_high_low_Points_TeamB,proj_high_low_C_Team,proj_high_low_VC_Team,proj_high_low_CVC,proj_high_low_TeamA_PlayersCount,proj_high_low_TeamB_PlayersCount,proj_high_low_Ratio_of_Players,proj_high_low_CVC_Ratio,GameID,TeamA,TeamB,proj_high_med_Points_TeamA,proj_high_med_Points_TeamB,proj_high_med_C_Team,proj_high_med_VC_Team,proj_high_med_CVC,proj_high_med_TeamA_PlayersCount,proj_high_med_TeamB_PlayersCount,proj_high_med_Ratio_of_Players,proj_high_med_CVC_Ratio,GameID,TeamA,TeamB,proj_high_high_Points_TeamA,proj_high_high_Points_TeamB,proj_high_high_C_Team,proj_high_high_VC_Team,proj_high_high_CVC,proj_high_high_TeamA_PlayersCount,proj_high_high_TeamB_PlayersCount,proj_high_high_Ratio_of_Players,proj_high_high_CVC_Ratio
20240322RCBCSK,RCB,CSK,93.19999999999999,517.7,CSK,CSK,Same,3,8,8:3,Same_8:3,20240322RCBCSK,RCB,CSK,122.39999999999999,406.3,CSK,CSK,Same,4,7,7:4,Same_7:4,20240322RCBCSK,RCB,CSK,151.20000000000002,227.09999999999997,CSK,CSK,Same,5,6,6:5,Same_6:5,20240322RCBCSK,RCB,CSK,54.0,574.9000000000001,CSK,CSK,Same,1,10,10:1,Same_10:1,20240322RCBCSK,RCB,CSK,264.0,400.5,CSK,CSK,Same,5,6,6:5,Same_6:5,20240322RCBCSK,RCB,CSK,316.1,286.8,RCB,RCB,Same,6,5,6:5,Same_6:5,20240322RCBCSK,RCB,CSK,444.8,505.29999999999995,CSK,RCB,Different,6,5,6:5,Different_6:5,20240322RCBCSK,RCB,CSK,321.1,229.6,RCB,RCB,Same,6,5,6:5,Same_6:5,20240322RCBCSK,RCB,CSK,452.3,249.8,RCB,RCB,Same,6,5,6:5,Same_6:5
20240323DCPBKS,DC,PBKS,34.3,621.5,PBKS,PBKS,Same,1,10,10:1,Same_10:1,20240323DCPBKS,DC,PBKS,197.20000000000002,572.8000000000001,PBKS,PBKS,Same,5,6,6:5,Same_6:5,20240323DCPBKS,DC,PBKS,158.6,255.70000000000002,DC,PBKS,Different,4,7,7:4,Different_7:4,20240323DCPBKS,DC,PBKS,205.0,430.20000000000005,PBKS,PBKS,Same,4,7,7:4,Same_7:4,20240323DCPBKS,DC,PBKS,152.5,457.3,PBKS,PBKS,Same,3,8,8:3,Same_8:3,20240323DCPBKS,DC,PBKS,242.5,280.4,DC,DC,Same,5,6,6:5,Same_6:5,20240323DCPBKS,DC,PBKS,436.2,343.20000000000005,PBKS,DC,Different,7,4,7:4,Different_7:4,20240323DCPBKS,DC,PBKS,395.1,342.4,PBKS,DC,Different,6,5,6:5,Different_6:5,20240323DCPBKS,DC,PBKS,310.3,273.3,PBKS,PBKS,Same,6,5,6:5,Same_6:5
20240323SRHKKR,SRH,KKR,414.09999999999997,174.39999999999998,KKR,SRH,Different,8,3,8:3,Different_8:3,20240323SRHKKR,SRH,KKR,305.0,233.69999999999996,SRH,KKR,Different,6,5,6:5,Different_6:5,20240323SRHKKR,SRH,KKR,334.5,157.60000000000002,SRH,SRH,Same,7,4,7:4,Same_7:4,20240323SRHKKR,SRH,KKR,474.9,270.0,KKR,KKR,Same,9,2,9:2,Same_9:2,20240323SRHKKR,SRH,KKR,367.6000000000001,191.20000000000002,SRH,KKR,Different,7,4,7:4,Different_7:4,20240323SRHKKR,SRH,KKR,252.70000000000002,206.5,KKR,SRH,Different,6,5,6:5,Different_6:5,20240323SRHKKR,SRH,KKR,450.5,409.30000000000007,KKR,SRH,Different,6,5,6:5,Different_6:5,20240323SRHKKR,SRH,KKR,195.5,491.8,KKR,KKR,Same,3,8,8:3,Same_8:3,20240323SRHKKR,SRH,KKR,323.1,287.1,KKR,KKR,Same,7,4,7:4,Same_7:4
20240324LSGRR,LSG,RR,572.6999999999999,90.0,RR,LSG,Different,10,1,10:1,Different_10:1,20240324LSGRR,LSG,RR,301.3,175.3,LSG,LSG,Same,6,5,6:5,Same_6:5,20240324LSGRR,LSG,RR,201.70000000000002,268.6,RR,RR,Same,5,6,6:5,Same_6:5,20240324LSGRR,LSG,RR,521.6,205.0,LSG,RR,Different,8,3,8:3,Different_8:3,20240324LSGRR,LSG,RR,362.00000000000006,186.5,LSG,LSG,Same,7,4,7:4,Same_7:4,20240324LSGRR,LSG,RR,269.0,232.8,RR,LSG,Different,6,5,6:5,Different_6:5,20240324LSGRR,LSG,RR,493.6,252.20000000000002,LSG,LSG,Same,7,4,7:4,Same_7:4,20240324LSGRR,LSG,RR,318.29999999999995,285.1,RR,LSG,Different,6,5,6:5,Different_6:5,20240324LSGRR,LSG,RR,316.6,260.1,LSG,RR,Different,6,5,6:5,Different_6:5
20240324MIGT,MI,GT,516.6,102.89999999999999,MI,MI,Same,8,3,8:3,Same_8:3,20240324MIGT,MI,GT,371.0,204.10000000000002,MI,MI,Same,6,5,6:5,Same_6:5,20240324MIGT,MI,GT,296.2,195.5,MI,MI,Same,6,5,6:5,Same_6:5,20240324MIGT,MI,GT,389.40000000000003,172.1,MI,GT,Different,7,4,7:4,Different_7:4,20240324MIGT,MI,GT,380.30000000000007,241.9,MI,GT,Different,7,4,7:4,Different_7:4,20240324MIGT,MI,GT,296.7,353.1,GT,MI,Different,5,6,6:5,Different_6:5,20240324MIGT,MI,GT,305.0,494.09999999999997,GT,GT,Same,5,6,6:5,Same_6:5,20240324MIGT,MI,GT,165.8,418.4,GT,GT,Same,3,8,8:3,Same_8:3,20240324MIGT,MI,GT,127.10000000000001,422.59999999999997,GT,MI,Different,3,8,8:3,Different_8:3
20240325PBKSRCB,PBKS,RCB,134.6,428.8,RCB,RCB,Same,3,8,8:3,Same_8:3,20240325PBKSRCB,PBKS,RCB,133.9,431.5,RCB,RCB,Same,3,8,8:3,Same_8:3,20240325PBKSRCB,PBKS,RCB,290.2,234.79999999999998,RCB,PBKS,Different,6,5,6:5,Different_6:5,20240325PBKSRCB,PBKS,RCB,234.20000000000005,425.19999999999993,PBKS,RCB,Different,5,6,6:5,Different_6:5,20240325PBKSRCB,PBKS,RCB,271.2,378.59999999999997,RCB,RCB,Same,5,6,6:5,Same_6:5,20240325PBKSRCB,PBKS,RCB,299.09999999999997,198.29999999999998,PBKS,RCB,Different,7,4,7:4,Different_7:4,20240325PBKSRCB,PBKS,RCB,490.9,462.79999999999995,RCB,PBKS,Different,6,5,6:5,Different_6:5,20240325PBKSRCB,PBKS,RCB,532.5,198.7,PBKS,RCB,Different,8,3,8:3,Different_8:3,20240325PBKSRCB,PBKS,RCB,453.80000000000007,147.0,PBKS,PBKS,Same,8,3,8:3,Same_8:3
20240326GTCSK,GT,CSK,519.8,34.3,GT,GT,Same,10,1,10:1,Same_10:1,20240326GTCSK,GT,CSK,575.0,147.3,GT,GT,Same,9,2,9:2,Same_9:2,20240326GTCSK,GT,CSK,369.3,154.4,GT,CSK,Different,8,3,8:3,Different_8:3,20240326GTCSK,GT,CSK,401.7,203.5,GT,CSK,Different,7,4,7:4,Different_7:4,20240326GTCSK,GT,CSK,354.1,236.7,GT,GT,Same,6,5,6:5,Same_6:5,20240326GTCSK,GT,CSK,279.0,247.1,CSK,GT,Different,6,5,6:5,Different_6:5,20240326GTCSK,GT,CSK,380.5,436.19999999999993,CSK,CSK,Same,5,6,6:5,Same_6:5,20240326GTCSK,GT,CSK,220.7,404.8,CSK,GT,Different,4,7,7:4,Different_7:4,20240326GTCSK,GT,CSK,189.8,374.4,GT,GT,Same,3,8,8:3,Same_8:3
20240327MISRH,MI,SRH,496.8,107.6,MI,MI,Same,8,3,8:3,Same_8:3,20240327MISRH,MI,SRH,400.90000000000003,78.0,MI,MI,Same,8,3,8:3,Same_8:3,20240327MISRH,MI,SRH,315.99999999999994,237.7,SRH,SRH,Same,6,5,6:5,Same_6:5,20240327MISRH,MI,SRH,313.8,267.0,MI,MI,Same,5,6,6:5,Same_6:5,20240327MISRH,MI,SRH,295.3,289.8,SRH,MI,Different,6,5,6:5,Different_6:5,20240327MISRH,MI,SRH,221.7,369.3,SRH,MI,Different,4,7,7:4,Different_7:4,20240327MISRH,MI,SRH,185.4,525.3,SRH,MI,Different,3,8,8:3,Different_8:3,20240327MISRH,MI,SRH,153.79999999999998,457.40000000000003,SRH,SRH,Same,3,8,8:3,Same_8:3,20240327MISRH,MI,SRH,197.2,410.40000000000003,SRH,SRH,Same,4,7,7:4,Same_7:4
20240328DCRR,DC,RR,544.8000000000001,124.3,DC,RR,Different,9,2,9:2,Different_9:2,20240328DCRR,DC,RR,368.29999999999995,139.1,DC,DC,Same,7,4,7:4,Same_7:4,20240328DCRR,DC,RR,357.0,204.79999999999998,DC,DC,Same,7,4,7:4,Same_7:4,20240328DCRR,DC,RR,500.9,203.7,DC,DC,Same,8,3,8:3,Same_8:3,20240328DCRR,DC,RR,403.09999999999997,186.0,DC,DC,Same,7,4,7:4,Same_7:4,20240328DCRR,DC,RR,337.2,199.9,RR,DC,Different,7,4,7:4,Different_7:4,20240328DCRR,DC,RR,379.5,366.80000000000007,DC,DC,Same,5,6,6:5,Same_6:5,20240328DCRR,DC,RR,346.0,258.8,DC,RR,Different,6,5,6:5,Different_6:5,20240328DCRR,DC,RR,297.9,251.09999999999997,DC,RR,Different,6,5,6:5,Different_6:5
20240329KKRRCB,KKR,RCB,537.8,34.3,KKR,KKR,Same,10,1,10:1,Same_10:1,20240329KKRRCB,KKR,RCB,350.7,101.69999999999999,KKR,KKR,Same,8,3,8:3,Same_8:3,20240329KKRRCB,KKR,RCB,243.89999999999998,106.4,KKR,KKR,Same,7,4,7:4,Same_7:4,20240329KKRRCB,KKR,RCB,443.59999999999997,91.2,KKR,KKR,Same,9,2,9:2,Same_9:2,20240329KKRRCB,KKR,RCB,284.2,300.4,KKR,KKR,Same,5,6,6:5,Same_6:5,20240329KKRRCB,KKR,RCB,235.0,359.80000000000007,KKR,RCB,Different,4,7,7:4,Different_7:4,20240329KKRRCB,KKR,RCB,217.8,555.0999999999999,RCB,KKR,Different,3,8,8:3,Different_8:3,20240329KKRRCB,KKR,RCB,390.8,235.79999999999998,KKR,RCB,Different,7,4,7:4,Different_7:4,20240329KKRRCB,KKR,RCB,337.0,425.6,RCB,RCB,Same,6,5,6:5,Same_6:5
20240330PBKSLSG,PBKS,LSG,585.9,34.3,PBKS,PBKS,Same,10,1,10:1,Same_10:1,20240330PBKSLSG,PBKS,LSG,556.0,179.8,PBKS,LSG,Different,8,3,8:3,Different_8:3,20240330PBKSLSG,PBKS,LSG,269.4,136.29999999999998,LSG,PBKS,Different,7,4,7:4,Different_7:4,20240330PBKSLSG,PBKS,LSG,392.99999999999994,480.5,LSG,LSG,Same,6,5,6:5,Same_6:5,20240330PBKSLSG,PBKS,LSG,389.29999999999995,208.10000000000002,LSG,PBKS,Different,7,4,7:4,Different_7:4,20240330PBKSLSG,PBKS,LSG,296.0,310.9,LSG,LSG,Same,6,5,6:5,Same_6:5,20240330PBKSLSG,PBKS,LSG,349.7,601.7,LSG,PBKS,Different,4,7,7:4,Different_7:4,20240330PBKSLSG,PBKS,LSG,231.60000000000002,421.5,LSG,LSG,Same,4,7,7:4,Same_7:4,20240330PBKSLSG,PBKS,LSG,225.4,309.09999999999997,PBKS,LSG,Different,4,7,7:4,Different_7:4
20240331SRHGT,SRH,GT,39.0,511.5,GT,GT,Same,1,10,10:1,Same_10:1,20240331SRHGT,SRH,GT,66.7,412.30000000000007,GT,GT,Same,2,9,9:2,Same_9:2,20240331SRHGT,SRH,GT,187.29999999999998,345.1,SRH,GT,Different,4,7,7:4,Different_7:4,20240331SRHGT,SRH,GT,172.3,348.8,GT,GT,Same,4,7,7:4,Same_7:4,20240331SRHGT,SRH,GT,213.1,391.3,GT,GT,Same,4,7,7:4,Same_7:4,20240331SRHGT,SRH,GT,384.9,180.2,SRH,SRH,Same,7,4,7:4,Same_7:4,20240331SRHGT,SRH,GT,532.6,302.6,SRH,GT,Different,7,4,7:4,Different_7:4,20240331SRHGT,SRH,GT,324.8,329.8,SRH,GT,Different,5,6,6:5,Different_6:5,20240331SRHGT,SRH,GT,393.5,279.5,SRH,SRH,Same,6,5,6:5,Same_6:5
20240331CSKDC,CSK,DC,344.8,102.89999999999999,CSK,CSK,Same,8,3,8:3,Same_8:3,20240331CSKDC,CSK,DC,326.6,193.29999999999998,CSK,CSK,Same,5,6,6:5,Same_6:5,20240331CSKDC,CSK,DC,292.6,162.0,CSK,CSK,Same,7,4,7:4,Same_7:4,20240331CSKDC,CSK,DC,505.70000000000005,207.8,CSK,DC,Different,8,3,8:3,Different_8:3,20240331CSKDC,CSK,DC,430.20000000000005,153.3,CSK,CSK,Same,7,4,7:4,Same_7:4,20240331CSKDC,CSK,DC,309.29999999999995,288.7,DC,DC,Same,6,5,6:5,Same_6:5,20240331CSKDC,CSK,DC,394.20000000000005,475.59999999999997,CSK,CSK,Same,4,7,7:4,Same_7:4,20240331CSKDC,CSK,DC,182.0,464.0,DC,CSK,Different,3,8,8:3,Different_8:3,20240331CSKDC,CSK,DC,324.3,249.0,CSK,CSK,Same,6,5,6:5,Same_6:5
20240401RRMI,RR,MI,596.0999999999999,102.89999999999999,RR,RR,Same,8,3,8:3,Same_8:3,20240401RRMI,RR,MI,317.6,179.8,RR,RR,Same,7,4,7:4,Same_7:4,20240401RRMI,RR,MI,342.2,247.79999999999998,RR,MI,Different,6,5,6:5,Different_6:5,20240401RRMI,RR,MI,444.1000000000001,463.9,MI,MI,Same,6,5,6:5,Same_6:5,20240401RRMI,RR,MI,337.49999999999994,257.5,RR,RR,Same,6,5,6:5,Same_6:5,20240401RRMI,RR,MI,236.1,270.2,MI,RR,Different,5,6,6:5,Different_6:5,20240401RRMI,RR,MI,381.4,388.3,RR,RR,Same,5,6,6:5,Same_6:5,20240401RRMI,RR,MI,308.0,460.7,MI,MI,Same,5,6,6:5,Same_6:5,20240401RRMI,RR,MI,210.70000000000005,484.49999999999994,MI,MI,Same,5,6,6:5,Same_6:5
20240402LSGRCB,LSG,RCB,137.2,397.40000000000003,RCB,RCB,Same,4,7,7:4,Same_7:4,20240402LSGRCB,LSG,RCB,199.20000000000002,403.90000000000003,RCB,LSG,Different,4,7,7:4,Different_7:4,20240402LSGRCB,LSG,RCB,172.00000000000003,261.3,RCB,RCB,Same,5,6,6:5,Same_6:5,20240402LSGRCB,LSG,RCB,374.0,486.5,LSG,LSG,Same,4,7,7:4,Same_7:4,20240402LSGRCB,LSG,RCB,335.70000000000005,323.3,RCB,LSG,Different,6,5,6:5,Different_6:5,20240402LSGRCB,LSG,RCB,244.29999999999995,250.2,LSG,LSG,Same,5,6,6:5,Same_6:5,20240402LSGRCB,LSG,RCB,616.6,402.4,RCB,LSG,Different,7,4,7:4,Different_7:4,20240402LSGRCB,LSG,RCB,406.5,244.29999999999998,RCB,LSG,Different,7,4,7:4,Different_7:4,20240402LSGRCB,LSG,RCB,360.1,204.2,LSG,LSG,Same,6,5,6:5,Same_6:5
20240403KKRDC,KKR,DC,140.1,632.6999999999999,DC,KKR,Different,2,9,9:2,Different_9:2,20240403KKRDC,KKR,DC,205.3,366.6,DC,DC,Same,4,7,7:4,Same_7:4,20240403KKRDC,KKR,DC,142.2,384.5,DC,KKR,Different,3,8,8:3,Different_8:3,20240403KKRDC,KKR,DC,350.3,388.1000000000001,KKR,KKR,Same,4,7,7:4,Same_7:4,20240403KKRDC,KKR,DC,271.5,260.59999999999997,DC,DC,Same,6,5,6:5,Same_6:5,20240403KKRDC,KKR,DC,177.79999999999998,333.29999999999995,DC,DC,Same,4,7,7:4,Same_7:4,20240403KKRDC,KKR,DC,445.3,339.7,KKR,DC,Different,6,5,6:5,Different_6:5,20240403KKRDC,KKR,DC,411.8,212.89999999999998,KKR,KKR,Same,7,4,7:4,Same_7:4,20240403KKRDC,KKR,DC,277.3,298.4,KKR,DC,Different,5,6,6:5,Different_6:5
20240404PBKSGT,PBKS,GT,577.7,34.3,PBKS,PBKS,Same,10,1,10:1,Same_10:1,20240404PBKSGT,PBKS,GT,515.6999999999999,198.90000000000003,PBKS,PBKS,Same,6,5,6:5,Same_6:5,20240404PBKSGT,PBKS,GT,224.89999999999998,219.89999999999998,GT,GT,Same,6,5,6:5,Same_6:5,20240404PBKSGT,PBKS,GT,556.0,146.6,PBKS,PBKS,Same,8,3,8:3,Same_8:3,20240404PBKSGT,PBKS,GT,298.7,315.7,PBKS,GT,Different,5,6,6:5,Different_6:5,20240404PBKSGT,PBKS,GT,397.4,269.2,GT,PBKS,Different,8,3,8:3,Different_8:3,20240404PBKSGT,PBKS,GT,326.8,487.80000000000007,GT,PBKS,Different,4,7,7:4,Different_7:4,20240404PBKSGT,PBKS,GT,310.6,439.3,GT,GT,Same,5,6,6:5,Same_6:5,20240404PBKSGT,PBKS,GT,181.9,423.09999999999997,GT,GT,Same,4,7,7:4,Same_7:4
20240405CSKSRH,CSK,SRH,102.89999999999999,433.00000000000006,SRH,SRH,Same,3,8,8:3,Same_8:3,20240405CSKSRH,CSK,SRH,322.3,312.1,SRH,CSK,Different,6,5,6:5,Different_6:5,20240405CSKSRH,CSK,SRH,177.0,285.0,SRH,CSK,Different,4,7,7:4,Different_7:4,20240405CSKSRH,CSK,SRH,180.60000000000002,517.1,SRH,SRH,Same,3,8,8:3,Same_8:3,20240405CSKSRH,CSK,SRH,262.2,328.6,SRH,CSK,Different,5,6,6:5,Different_6:5,20240405CSKSRH,CSK,SRH,201.6,359.3,CSK,SRH,Different,4,7,7:4,Different_7:4,20240405CSKSRH,CSK,SRH,567.6,302.8,CSK,SRH,Different,7,4,7:4,Different_7:4,20240405CSKSRH,CSK,SRH,394.90000000000003,289.40000000000003,CSK,CSK,Same,6,5,6:5,Same_6:5,20240405CSKSRH,CSK,SRH,365.7,165.5,CSK,CSK,Same,7,4,7:4,Same_7:4
20240406RCBRR,RCB,RR,68.6,566.6,RR,RR,Same,2,9,9:2,Same_9:2,20240406RCBRR,RCB,RR,67.19999999999999,392.3,RR,RR,Same,2,9,9:2,Same_9:2,20240406RCBRR,RCB,RR,148.79999999999998,292.9,RR,RR,Same,5,6,6:5,Same_6:5,20240406RCBRR,RCB,RR,106.5,569.0999999999999,RR,RR,Same,3,8,8:3,Same_8:3,20240406RCBRR,RCB,RR,271.3,329.29999999999995,RR,RCB,Different,5,6,6:5,Different_6:5,20240406RCBRR,RCB,RR,309.90000000000003,234.79999999999998,RCB,RCB,Same,6,5,6:5,Same_6:5,20240406RCBRR,RCB,RR,551.8,285.1,RCB,RR,Different,7,4,7:4,Different_7:4,20240406RCBRR,RCB,RR,193.10000000000002,391.0,RR,RCB,Different,4,7,7:4,Different_7:4,20240406RCBRR,RCB,RR,298.4,245.20000000000005,RCB,RCB,Same,5,6,6:5,Same_6:5
20240407DCMI,DC,MI,565.0,68.6,DC,DC,Same,9,2,9:2,Same_9:2,20240407DCMI,DC,MI,350.8,200.9,DC,MI,Different,7,4,7:4,Different_7:4,20240407DCMI,DC,MI,316.50000000000006,166.5,DC,DC,Same,6,5,6:5,Same_6:5,20240407DCMI,DC,MI,384.90000000000003,469.5,MI,MI,Same,6,5,6:5,Same_6:5,20240407DCMI,DC,MI,296.90000000000003,309.2,MI,DC,Different,5,6,6:5,Different_6:5,20240407DCMI,DC,MI,384.3,223.7,MI,DC,Different,7,4,7:4,Different_7:4,20240407DCMI,DC,MI,200.7,475.3,MI,DC,Different,3,8,8:3,Different_8:3,20240407DCMI,DC,MI,235.70000000000002,484.0,MI,MI,Same,4,7,7:4,Same_7:4,20240407DCMI,DC,MI,279.3,385.99999999999994,DC,MI,Different,5,6,6:5,Different_6:5
20240407GTLSG,GT,LSG,500.4,34.3,GT,GT,Same,10,1,10:1,Same_10:1,20240407GTLSG,GT,LSG,353.5,234.8,LSG,GT,Different,6,5,6:5,Different_6:5,20240407GTLSG,GT,LSG,369.79999999999995,129.5,GT,LSG,Different,8,3,8:3,Different_8:3,20240407GTLSG,GT,LSG,317.3,394.8,LSG,LSG,Same,6,5,6:5,Same_6:5,20240407GTLSG,GT,LSG,289.6,345.1,LSG,GT,Different,5,6,6:5,Different_6:5,20240407GTLSG,GT,LSG,216.7,246.3,LSG,GT,Different,5,6,6:5,Different_6:5,20240407GTLSG,GT,LSG,263.8,614.1,LSG,LSG,Same,4,7,7:4,Same_7:4,20240407GTLSG,GT,LSG,243.70000000000002,402.4,LSG,GT,Different,4,7,7:4,Different_7:4,20240407GTLSG,GT,LSG,226.7,404.90000000000003,LSG,GT,Different,4,7,7:4,Different_7:4
20240408KKRCSK,KKR,CSK,140.1,556.4000000000001,CSK,KKR,Different,2,9,9:2,Different_9:2,20240408KKRCSK,KKR,CSK,217.8,340.5,CSK,KKR,Different,4,7,7:4,Different_7:4,20240408KKRCSK,KKR,CSK,118.5,269.3,KKR,CSK,Different,3,8,8:3,Different_8:3,20240408KKRCSK,KKR,CSK,316.0,530.2,KKR,KKR,Same,3,8,8:3,Same_8:3,20240408KKRCSK,KKR,CSK,105.5,515.9999999999999,CSK,CSK,Same,2,9,9:2,Same_9:2,20240408KKRCSK,KKR,CSK,121.1,328.0,CSK,CSK,Same,3,8,8:3,Same_8:3,20240408KKRCSK,KKR,CSK,408.9,608.9000000000001,CSK,KKR,Different,5,6,6:5,Different_6:5,20240408KKRCSK,KKR,CSK,534.3,176.2,KKR,KKR,Same,8,3,8:3,Same_8:3,20240408KKRCSK,KKR,CSK,286.09999999999997,275.0,KKR,KKR,Same,5,6,6:5,Same_6:5
20240409SRHPBKS,SRH,PBKS,107.6,479.4,PBKS,PBKS,Same,3,8,8:3,Same_8:3,20240409SRHPBKS,SRH,PBKS,89.9,525.6,PBKS,PBKS,Same,3,8,8:3,Same_8:3,20240409SRHPBKS,SRH,PBKS,204.7,214.50000000000003,SRH,PBKS,Different,5,6,6:5,Different_6:5,20240409SRHPBKS,SRH,PBKS,204.9,419.1,PBKS,PBKS,Same,4,7,7:4,Same_7:4,20240409SRHPBKS,SRH,PBKS,219.10000000000002,366.50000000000006,PBKS,SRH,Different,4,7,7:4,Different_7:4,20240409SRHPBKS,SRH,PBKS,225.8,258.2,SRH,SRH,Same,5,6,6:5,Same_6:5,20240409SRHPBKS,SRH,PBKS,517.8,334.5,PBKS,SRH,Different,7,4,7:4,Different_7:4,20240409SRHPBKS,SRH,PBKS,332.70000000000005,322.40000000000003,SRH,SRH,Same,5,6,6:5,Same_6:5,20240409SRHPBKS,SRH,PBKS,380.90000000000003,201.7,SRH,SRH,Same,6,5,6:5,Same_6:5
20240410GTRR,GT,RR,443.7,124.3,RR,GT,Different,9,2,9:2,Different_9:2,20240410GTRR,GT,RR,303.7,217.1,GT,GT,Same,5,6,6:5,Same_6:5,20240410GTRR,GT,RR,352.79999999999995,231.90000000000003,GT,GT,Same,6,5,6:5,Same_6:5,20240410GTRR,GT,RR,342.9,277.09999999999997,GT,RR,Different,7,4,7:4,Different_7:4,20240410GTRR,GT,RR,285.2,248.7,GT,GT,Same,6,5,6:5,Same_6:5,20240410GTRR,GT,RR,241.3,314.3,RR,GT,Different,6,5,6:5,Different_6:5,20240410GTRR,GT,RR,388.1,315.1,RR,GT,Different,6,5,6:5,Different_6:5,20240410GTRR,GT,RR,351.59999999999997,317.09999999999997,RR,GT,Different,6,5,6:5,Different_6:5,20240410GTRR,GT,RR,292.4,249.9,GT,RR,Different,6,5,6:5,Different_6:5
20240411RCBMI,RCB,MI,102.89999999999999,486.9,MI,MI,Same,3,8,8:3,Same_8:3,20240411RCBMI,RCB,MI,93.0,501.4,MI,MI,Same,2,9,9:2,Same_9:2,20240411RCBMI,RCB,MI,155.29999999999998,330.0,MI,MI,Same,4,7,7:4,Same_7:4,20240411RCBMI,RCB,MI,189.2,545.1,RCB,MI,Different,2,9,9:2,Different_9:2,20240411RCBMI,RCB,MI,345.40000000000003,313.5,MI,MI,Same,7,4,7:4,Same_7:4,20240411RCBMI,RCB,MI,291.90000000000003,366.2,RCB,MI,Different,5,6,6:5,Different_6:5,20240411RCBMI,RCB,MI,485.5,400.59999999999997,RCB,RCB,Same,5,6,6:5,Same_6:5,20240411RCBMI,RCB,MI,257.8,398.5,MI,RCB,Different,5,6,6:5,Different_6:5,20240411RCBMI,RCB,MI,491.09999999999997,252.79999999999998,RCB,MI,Different,7,4,7:4,Different_7:4
20240412DCLSG,DC,LSG,511.09999999999997,68.6,DC,DC,Same,9,2,9:2,Same_9:2,20240412DCLSG,DC,LSG,292.90000000000003,244.8,LSG,DC,Different,6,5,6:5,Different_6:5,20240412DCLSG,DC,LSG,225.00000000000003,195.1,LSG,DC,Different,6,5,6:5,Different_6:5,20240412DCLSG,DC,LSG,407.8,385.5,LSG,LSG,Same,7,4,7:4,Same_7:4,20240412DCLSG,DC,LSG,294.20000000000005,397.3,LSG,LSG,Same,6,5,6:5,Same_6:5,20240412DCLSG,DC,LSG,338.7,182.09999999999997,DC,DC,Same,7,4,7:4,Same_7:4,20240412DCLSG,DC,LSG,176.8,668.8000000000001,LSG,LSG,Same,3,8,8:3,Same_8:3,20240412DCLSG,DC,LSG,392.6,213.9,DC,LSG,Different,7,4,7:4,Different_7:4,20240412DCLSG,DC,LSG,319.5,310.1,DC,DC,Same,5,6,6:5,Same_6:5
20240413RRPBKS,RR,PBKS,539.3,100.3,RR,RR,Same,9,2,9:2,Same_9:2,20240413RRPBKS,RR,PBKS,358.8,170.8,RR,RR,Same,7,4,7:4,Same_7:4,20240413RRPBKS,RR,PBKS,305.1,231.8,RR,PBKS,Different,5,6,6:5,Different_6:5,20240413RRPBKS,RR,PBKS,457.0,165.60000000000002,PBKS,RR,Different,8,3,8:3,Different_8:3,20240413RRPBKS,RR,PBKS,172.8,343.4,PBKS,RR,Different,4,7,7:4,Different_7:4,20240413RRPBKS,RR,PBKS,184.4,303.59999999999997,PBKS,PBKS,Same,5,6,6:5,Same_6:5,20240413RRPBKS,RR,PBKS,266.1,494.3,PBKS,PBKS,Same,5,6,6:5,Same_6:5,20240413RRPBKS,RR,PBKS,212.8,431.09999999999997,RR,PBKS,Different,3,8,8:3,Different_8:3,20240413RRPBKS,RR,PBKS,159.39999999999998,447.29999999999995,PBKS,PBKS,Same,3,8,8:3,Same_8:3
20240414LSGKKR,LSG,KKR,68.6,498.59999999999997,KKR,KKR,Same,2,9,9:2,Same_9:2,20240414LSGKKR,LSG,KKR,151.3,343.40000000000003,LSG,KKR,Different,3,8,8:3,Different_8:3,20240414LSGKKR,LSG,KKR,205.39999999999998,232.20000000000002,KKR,KKR,Same,6,5,6:5,Same_6:5,20240414LSGKKR,LSG,KKR,391.0,415.50000000000006,LSG,LSG,Same,4,7,7:4,Same_7:4,20240414LSGKKR,LSG,KKR,387.09999999999997,283.5,LSG,KKR,Different,6,5,6:5,Different_6:5,20240414LSGKKR,LSG,KKR,282.9,217.4,KKR,LSG,Different,6,5,6:5,Different_6:5,20240414LSGKKR,LSG,KKR,561.0,338.5,LSG,KKR,Different,7,4,7:4,Different_7:4,20240414LSGKKR,LSG,KKR,258.5,387.4,KKR,LSG,Different,5,6,6:5,Different_6:5,20240414LSGKKR,LSG,KKR,366.79999999999995,299.8,LSG,KKR,Different,6,5,6:5,Different_6:5
20240414CSKMI,CSK,MI,102.89999999999999,463.80000000000007,MI,MI,Same,3,8,8:3,Same_8:3,20240414CSKMI,CSK,MI,105.69999999999999,463.69999999999993,MI,MI,Same,3,8,8:3,Same_8:3,20240414CSKMI,CSK,MI,129.9,353.0,MI,CSK,Different,3,8,8:3,Different_8:3,20240414CSKMI,CSK,MI,220.89999999999998,475.80000000000007,MI,MI,Same,4,7,7:4,Same_7:4,20240414CSKMI,CSK,MI,248.29999999999998,390.1,MI,MI,Same,5,6,6:5,Same_6:5,20240414CSKMI,CSK,MI,209.3,370.29999999999995,MI,MI,Same,5,6,6:5,Same_6:5,20240414CSKMI,CSK,MI,459.5,350.8,MI,CSK,Different,6,5,6:5,Different_6:5,20240414CSKMI,CSK,MI,363.4,346.3,MI,MI,Same,6,5,6:5,Same_6:5,20240414CSKMI,CSK,MI,307.5,286.6,MI,CSK,Different,6,5,6:5,Different_6:5
20240415SRHRCB,SRH,RCB,131.6,497.5,RCB,RCB,Same,4,7,7:4,Same_7:4,20240415SRHRCB,SRH,RCB,67.3,441.4,RCB,RCB,Same,2,9,9:2,Same_9:2,20240415SRHRCB,SRH,RCB,238.6,194.9,SRH,RCB,Different,6,5,6:5,Different_6:5,20240415SRHRCB,SRH,RCB,170.9,465.29999999999995,RCB,RCB,Same,4,7,7:4,Same_7:4,20240415SRHRCB,SRH,RCB,251.8,309.1,RCB,SRH,Different,5,6,6:5,Different_6:5,20240415SRHRCB,SRH,RCB,215.8,316.8,RCB,RCB,Same,5,6,6:5,Same_6:5,20240415SRHRCB,SRH,RCB,606.4,189.2,SRH,RCB,Different,9,2,9:2,Different_9:2,20240415SRHRCB,SRH,RCB,466.1,198.9,RCB,RCB,Same,8,3,8:3,Same_8:3,20240415SRHRCB,SRH,RCB,344.3,273.6,SRH,SRH,Same,5,6,6:5,Same_6:5
20240416RRKKR,RR,KKR,520.6999999999999,208.7,RR,KKR,Different,7,4,7:4,Different_7:4,20240416RRKKR,RR,KKR,365.5,200.10000000000002,RR,RR,Same,7,4,7:4,Same_7:4,20240416RRKKR,RR,KKR,278.29999999999995,203.6,RR,KKR,Different,5,6,6:5,Different_6:5,20240416RRKKR,RR,KKR,380.3,384.6,KKR,KKR,Same,6,5,6:5,Same_6:5,20240416RRKKR,RR,KKR,303.6,177.1,RR,KKR,Different,7,4,7:4,Different_7:4,20240416RRKKR,RR,KKR,245.89999999999998,154.3,RR,RR,Same,7,4,7:4,Same_7:4,20240416RRKKR,RR,KKR,410.0,396.0,RR,KKR,Different,6,5,6:5,Different_6:5,20240416RRKKR,RR,KKR,213.7,503.6,RR,KKR,Different,3,8,8:3,Different_8:3,20240416RRKKR,RR,KKR,247.60000000000002,276.7,KKR,RR,Different,6,5,6:5,Different_6:5
20240417DCGT,DC,GT,549.1,68.6,DC,DC,Same,9,2,9:2,Same_9:2,20240417DCGT,DC,GT,348.7,136.7,DC,DC,Same,7,4,7:4,Same_7:4,20240417DCGT,DC,GT,271.7,178.3,DC,DC,Same,7,4,7:4,Same_7:4,20240417DCGT,DC,GT,370.79999999999995,180.89999999999998,GT,DC,Different,7,4,7:4,Different_7:4,20240417DCGT,DC,GT,397.4,253.7,DC,DC,Same,6,5,6:5,Same_6:5,20240417DCGT,DC,GT,278.2,397.7,GT,GT,Same,6,5,6:5,Same_6:5,20240417DCGT,DC,GT,192.7,577.9000000000001,GT,GT,Same,3,8,8:3,Same_8:3,20240417DCGT,DC,GT,283.59999999999997,418.20000000000005,GT,GT,Same,5,6,6:5,Same_6:5,20240417DCGT,DC,GT,324.40000000000003,351.90000000000003,DC,DC,Same,5,6,6:5,Same_6:5
20240418MIPBKS,MI,PBKS,68.6,532.9,PBKS,PBKS,Same,2,9,9:2,Same_9:2,20240418MIPBKS,MI,PBKS,170.5,469.20000000000005,PBKS,MI,Different,3,8,8:3,Different_8:3,20240418MIPBKS,MI,PBKS,201.5,183.10000000000002,PBKS,PBKS,Same,6,5,6:5,Same_6:5,20240418MIPBKS,MI,PBKS,511.90000000000003,397.6,MI,MI,Same,6,5,6:5,Same_6:5,20240418MIPBKS,MI,PBKS,290.4,281.9,PBKS,MI,Different,6,5,6:5,Different_6:5,20240418MIPBKS,MI,PBKS,314.8,255.2,MI,PBKS,Different,6,5,6:5,Different_6:5,20240418MIPBKS,MI,PBKS,465.4,314.59999999999997,PBKS,MI,Different,7,4,7:4,Different_7:4,20240418MIPBKS,MI,PBKS,454.9,287.09999999999997,MI,MI,Same,6,5,6:5,Same_6:5,20240418MIPBKS,MI,PBKS,447.4,215.60000000000002,PBKS,MI,Different,7,4,7:4,Different_7:4
20240419CSKLSG,CSK,LSG,34.3,573.8,LSG,LSG,Same,1,10,10:1,Same_10:1,20240419CSKLSG,CSK,LSG,208.0,376.0,CSK,LSG,Different,4,7,7:4,Different_7:4,20240419CSKLSG,CSK,LSG,92.7,309.4,LSG,CSK,Different,2,9,9:2,Different_9:2,20240419CSKLSG,CSK,LSG,195.2,543.9,LSG,LSG,Same,3,8,8:3,Same_8:3,20240419CSKLSG,CSK,LSG,268.0,344.7,CSK,LSG,Different,5,6,6:5,Different_6:5,20240419CSKLSG,CSK,LSG,243.3,292.20000000000005,LSG,CSK,Different,5,6,6:5,Different_6:5,20240419CSKLSG,CSK,LSG,685.9000000000001,268.5,CSK,LSG,Different,8,3,8:3,Different_8:3,20240419CSKLSG,CSK,LSG,470.0,182.3,CSK,CSK,Same,8,3,8:3,Same_8:3,20240419CSKLSG,CSK,LSG,427.9,167.8,CSK,CSK,Same,7,4,7:4,Same_7:4
20240420SRHDC,SRH,DC,107.6,529.7,DC,DC,Same,3,8,8:3,Same_8:3,20240420SRHDC,SRH,DC,67.3,441.59999999999997,DC,DC,Same,2,9,9:2,Same_9:2,20240420SRHDC,SRH,DC,207.1,255.8,SRH,DC,Different,5,6,6:5,Different_6:5,20240420SRHDC,SRH,DC,126.5,536.2,DC,DC,Same,3,8,8:3,Same_8:3,20240420SRHDC,SRH,DC,130.2,540.4,SRH,DC,Different,2,9,9:2,Different_9:2,20240420SRHDC,SRH,DC,259.2,339.9,DC,SRH,Different,5,6,6:5,Different_6:5,20240420SRHDC,SRH,DC,499.4000000000001,266.5,DC,SRH,Different,7,4,7:4,Different_7:4,20240420SRHDC,SRH,DC,439.3,242.7,DC,SRH,Different,7,4,7:4,Different_7:4,20240420SRHDC,SRH,DC,346.8,314.90000000000003,SRH,DC,Different,6,5,6:5,Different_6:5
20240421RCBKKR,RCB,KKR,418.0,174.39999999999998,KKR,RCB,Different,8,3,8:3,Different_8:3,20240421RCBKKR,RCB,KKR,469.1,216.89999999999998,RCB,RCB,Same,7,4,7:4,Same_7:4,20240421RCBKKR,RCB,KKR,239.29999999999998,144.79999999999998,KKR,RCB,Different,7,4,7:4,Different_7:4,20240421RCBKKR,RCB,KKR,387.4,350.3,KKR,KKR,Same,7,4,7:4,Same_7:4,20240421RCBKKR,RCB,KKR,310.40000000000003,232.4,KKR,RCB,Different,6,5,6:5,Different_6:5,20240421RCBKKR,RCB,KKR,323.50000000000006,141.0,RCB,RCB,Same,7,4,7:4,Same_7:4,20240421RCBKKR,RCB,KKR,422.5,461.5,RCB,KKR,Different,5,6,6:5,Different_6:5,20240421RCBKKR,RCB,KKR,317.1,428.20000000000005,KKR,RCB,Different,5,6,6:5,Different_6:5,20240421RCBKKR,RCB,KKR,177.10000000000002,304.8,KKR,KKR,Same,5,6,6:5,Same_6:5
20240421GTPBKS,GT,PBKS,509.0,100.3,GT,GT,Same,9,2,9:2,Same_9:2,20240421GTPBKS,GT,PBKS,485.2,158.5,GT,GT,Same,8,3,8:3,Same_8:3,20240421GTPBKS,GT,PBKS,326.90000000000003,186.39999999999998,GT,PBKS,Different,7,4,7:4,Different_7:4,20240421GTPBKS,GT,PBKS,410.9,221.3,PBKS,PBKS,Same,8,3,8:3,Same_8:3,20240421GTPBKS,GT,PBKS,314.59999999999997,248.89999999999998,GT,PBKS,Different,6,5,6:5,Different_6:5,20240421GTPBKS,GT,PBKS,203.2,270.79999999999995,PBKS,PBKS,Same,5,6,6:5,Same_6:5,20240421GTPBKS,GT,PBKS,343.29999999999995,531.9000000000001,PBKS,PBKS,Same,5,6,6:5,Same_6:5,20240421GTPBKS,GT,PBKS,196.3,459.09999999999997,GT,PBKS,Different,3,8,8:3,Different_8:3,20240421GTPBKS,GT,PBKS,235.8,403.29999999999995,PBKS,PBKS,Same,5,6,6:5,Same_6:5
20240422MIRR,MI,RR,102.89999999999999,585.6,RR,RR,Same,3,8,8:3,Same_8:3,20240422MIRR,MI,RR,158.6,414.5,RR,RR,Same,3,8,8:3,Same_8:3,20240422MIRR,MI,RR,181.0,291.8,RR,RR,Same,6,5,6:5,Same_6:5,20240422MIRR,MI,RR,517.0,288.4,MI,MI,Same,6,5,6:5,Same_6:5,20240422MIRR,MI,RR,345.1,203.89999999999998,MI,MI,Same,7,4,7:4,Same_7:4,20240422MIRR,MI,RR,418.4,121.3,MI,MI,Same,8,3,8:3,Same_8:3,20240422MIRR,MI,RR,468.7,350.0,MI,RR,Different,6,5,6:5,Different_6:5,20240422MIRR,MI,RR,510.00000000000006,213.39999999999998,MI,MI,Same,8,3,8:3,Same_8:3,20240422MIRR,MI,RR,405.70000000000005,193.9,MI,MI,Same,7,4,7:4,Same_7:4
20240423LSGCSK,LSG,CSK,589.3000000000001,34.3,LSG,LSG,Same,10,1,10:1,Same_10:1,20240423LSGCSK,LSG,CSK,417.90000000000003,201.3,LSG,CSK,Different,7,4,7:4,Different_7:4,20240423LSGCSK,LSG,CSK,245.0,168.1,LSG,CSK,Different,6,5,6:5,Different_6:5,20240423LSGCSK,LSG,CSK,616.1999999999999,142.4,LSG,LSG,Same,9,2,9:2,Same_9:2,20240423LSGCSK,LSG,CSK,324.3,275.5,CSK,LSG,Different,6,5,6:5,Different_6:5,20240423LSGCSK,LSG,CSK,234.79999999999998,283.4,CSK,LSG,Different,5,6,6:5,Different_6:5,20240423LSGCSK,LSG,CSK,348.7,587.1999999999999,CSK,LSG,Different,4,7,7:4,Different_7:4,20240423LSGCSK,LSG,CSK,263.2,315.8,LSG,CSK,Different,5,6,6:5,Different_6:5,20240423LSGCSK,LSG,CSK,290.8,344.5,LSG,CSK,Different,5,6,6:5,Different_6:5
20240424GTDC,GT,DC,431.0,102.89999999999999,GT,GT,Same,8,3,8:3,Same_8:3,20240424GTDC,GT,DC,429.3,139.6,GT,GT,Same,7,4,7:4,Same_7:4,20240424GTDC,GT,DC,342.5,105.69999999999999,GT,GT,Same,8,3,8:3,Same_8:3,20240424GTDC,GT,DC,390.5,212.0,DC,DC,Same,8,3,8:3,Same_8:3,20240424GTDC,GT,DC,374.5,196.90000000000003,GT,GT,Same,6,5,6:5,Same_6:5,20240424GTDC,GT,DC,235.0,234.0,DC,DC,Same,6,5,6:5,Same_6:5,20240424GTDC,GT,DC,311.40000000000003,423.9,DC,DC,Same,5,6,6:5,Same_6:5,20240424GTDC,GT,DC,330.40000000000003,284.3,GT,DC,Different,6,5,6:5,Different_6:5,20240424GTDC,GT,DC,271.0,331.6,GT,GT,Same,4,7,7:4,Same_7:4
20240425RCBSRH,RCB,SRH,102.89999999999999,461.5,SRH,SRH,Same,3,8,8:3,Same_8:3,20240425RCBSRH,RCB,SRH,190.0,348.5,SRH,SRH,Same,5,6,6:5,Same_6:5,20240425RCBSRH,RCB,SRH,135.5,287.50000000000006,SRH,SRH,Same,4,7,7:4,Same_7:4,20240425RCBSRH,RCB,SRH,234.0,529.9,RCB,RCB,Same,2,9,9:2,Same_9:2,20240425RCBSRH,RCB,SRH,258.5,291.4,SRH,RCB,Different,5,6,6:5,Different_6:5,20240425RCBSRH,RCB,SRH,307.7,303.90000000000003,RCB,RCB,Same,5,6,6:5,Same_6:5,20240425RCBSRH,RCB,SRH,583.0,288.5,RCB,RCB,Same,7,4,7:4,Same_7:4,20240425RCBSRH,RCB,SRH,327.5,290.8,RCB,SRH,Different,6,5,6:5,Different_6:5,20240425RCBSRH,RCB,SRH,503.0,172.9,RCB,RCB,Same,7,4,7:4,Same_7:4
20240426PBKSKKR,PBKS,KKR,463.6,140.1,KKR,PBKS,Different,9,2,9:2,Different_9:2,20240426PBKSKKR,PBKS,KKR,503.79999999999995,196.7,PBKS,PBKS,Same,7,4,7:4,Same_7:4,20240426PBKSKKR,PBKS,KKR,292.5,142.9,KKR,PBKS,Different,8,3,8:3,Different_8:3,20240426PBKSKKR,PBKS,KKR,360.09999999999997,350.3,KKR,KKR,Same,7,4,7:4,Same_7:4,20240426PBKSKKR,PBKS,KKR,340.5,228.9,PBKS,KKR,Different,6,5,6:5,Different_6:5,20240426PBKSKKR,PBKS,KKR,347.2,129.70000000000002,PBKS,KKR,Different,8,3,8:3,Different_8:3,20240426PBKSKKR,PBKS,KKR,364.6,408.6,PBKS,KKR,Different,5,6,6:5,Different_6:5,20240426PBKSKKR,PBKS,KKR,341.0,366.9,KKR,KKR,Same,6,5,6:5,Same_6:5,20240426PBKSKKR,PBKS,KKR,369.29999999999995,284.3,PBKS,KKR,Different,6,5,6:5,Different_6:5
20240427MIDC,MI,DC,495.20000000000005,102.89999999999999,MI,MI,Same,8,3,8:3,Same_8:3,20240427MIDC,MI,DC,392.6,151.3,MI,MI,Same,7,4,7:4,Same_7:4,20240427MIDC,MI,DC,362.99999999999994,127.19999999999999,MI,MI,Same,7,4,7:4,Same_7:4,20240427MIDC,MI,DC,439.59999999999997,155.0,MI,DC,Different,8,3,8:3,Different_8:3,20240427MIDC,MI,DC,309.1000000000001,166.8,MI,MI,Same,7,4,7:4,Same_7:4,20240427MIDC,MI,DC,406.20000000000005,189.4,MI,MI,Same,7,4,7:4,Same_7:4,20240427MIDC,MI,DC,298.9,475.2,MI,DC,Different,4,7,7:4,Different_7:4,20240427MIDC,MI,DC,344.4000000000001,294.6,DC,DC,Same,7,4,7:4,Same_7:4,20240427MIDC,MI,DC,184.79999999999998,343.0,MI,DC,Different,4,7,7:4,Different_7:4
20240427RRLSG,RR,LSG,485.29999999999995,102.89999999999999,RR,RR,Same,8,3,8:3,Same_8:3,20240427RRLSG,RR,LSG,276.1,272.70000000000005,LSG,RR,Different,5,6,6:5,Different_6:5,20240427RRLSG,RR,LSG,198.7,162.2,RR,LSG,Different,6,5,6:5,Different_6:5,20240427RRLSG,RR,LSG,368.70000000000005,463.8,LSG,RR,Different,6,5,6:5,Different_6:5,20240427RRLSG,RR,LSG,231.3,390.4,LSG,RR,Different,4,7,7:4,Different_7:4,20240427RRLSG,RR,LSG,201.70000000000002,326.5,LSG,LSG,Same,5,6,6:5,Same_6:5,20240427RRLSG,RR,LSG,305.9,664.9000000000001,LSG,RR,Different,3,8,8:3,Different_8:3,20240427RRLSG,RR,LSG,274.3,313.90000000000003,RR,RR,Same,4,7,7:4,Same_7:4,20240427RRLSG,RR,LSG,282.9,380.0,RR,LSG,Different,5,6,6:5,Different_6:5
20240428RCBGT,RCB,GT,442.79999999999995,102.89999999999999,RCB,RCB,Same,8,3,8:3,Same_8:3,20240428RCBGT,RCB,GT,515.9,176.29999999999998,RCB,RCB,Same,7,4,7:4,Same_7:4,20240428RCBGT,RCB,GT,260.2,131.2,GT,RCB,Different,8,3,8:3,Different_8:3,20240428RCBGT,RCB,GT,516.5,78.0,GT,RCB,Different,10,1,10:1,Different_10:1,20240428RCBGT,RCB,GT,392.8,216.8,RCB,RCB,Same,7,4,7:4,Same_7:4,20240428RCBGT,RCB,GT,302.8,361.1,GT,GT,Same,6,5,6:5,Same_6:5,20240428RCBGT,RCB,GT,510.2,520.6,GT,RCB,Different,5,6,6:5,Different_6:5,20240428RCBGT,RCB,GT,411.6,310.2,GT,GT,Same,7,4,7:4,Same_7:4,20240428RCBGT,RCB,GT,405.49999999999994,298.1,GT,RCB,Different,7,4,7:4,Different_7:4
20240428SRHCSK,SRH,CSK,365.4,137.2,SRH,SRH,Same,7,4,7:4,Same_7:4,20240428SRHCSK,SRH,CSK,354.70000000000005,235.60000000000002,SRH,CSK,Different,6,5,6:5,Different_6:5,20240428SRHCSK,SRH,CSK,268.3,141.6,CSK,CSK,Same,8,3,8:3,Same_8:3,20240428SRHCSK,SRH,CSK,531.3,142.4,SRH,CSK,Different,9,2,9:2,Different_9:2,20240428SRHCSK,SRH,CSK,216.6,345.9,CSK,CSK,Same,5,6,6:5,Same_6:5,20240428SRHCSK,SRH,CSK,321.3,206.1,CSK,SRH,Different,7,4,7:4,Different_7:4,20240428SRHCSK,SRH,CSK,253.8,633.9,CSK,SRH,Different,3,8,8:3,Different_8:3,20240428SRHCSK,SRH,CSK,317.5,336.9,SRH,SRH,Same,5,6,6:5,Same_6:5,20240428SRHCSK,SRH,CSK,215.3,362.69999999999993,CSK,SRH,Different,4,7,7:4,Different_7:4
20240429DCKKR,DC,KKR,34.3,501.7,KKR,KKR,Same,1,10,10:1,Same_10:1,20240429DCKKR,DC,KKR,116.1,340.6,KKR,KKR,Same,3,8,8:3,Same_8:3,20240429DCKKR,DC,KKR,182.59999999999997,214.60000000000002,KKR,KKR,Same,6,5,6:5,Same_6:5,20240429DCKKR,DC,KKR,212.0,495.6,KKR,DC,Different,3,8,8:3,Different_8:3,20240429DCKKR,DC,KKR,160.60000000000002,356.7,KKR,KKR,Same,4,7,7:4,Same_7:4,20240429DCKKR,DC,KKR,226.1,229.1,DC,KKR,Different,5,6,6:5,Different_6:5,20240429DCKKR,DC,KKR,388.2,431.7,KKR,DC,Different,5,6,6:5,Different_6:5,20240429DCKKR,DC,KKR,358.79999999999995,334.50000000000006,KKR,DC,Different,6,5,6:5,Different_6:5,20240429DCKKR,DC,KKR,425.5,306.59999999999997,DC,KKR,Different,6,5,6:5,Different_6:5
20240430MILSG,MI,LSG,68.6,497.2,LSG,LSG,Same,2,9,9:2,Same_9:2,20240430MILSG,MI,LSG,190.5,389.7,LSG,MI,Different,4,7,7:4,Different_7:4,20240430MILSG,MI,LSG,154.1,184.9,LSG,MI,Different,5,6,6:5,Different_6:5,20240430MILSG,MI,LSG,540.8,347.9,MI,MI,Same,6,5,6:5,Same_6:5,20240430MILSG,MI,LSG,304.6,267.1,MI,LSG,Different,6,5,6:5,Different_6:5,20240430MILSG,MI,LSG,346.6,225.1,MI,MI,Same,6,5,6:5,Same_6:5,20240430MILSG,MI,LSG,397.20000000000005,379.9,LSG,LSG,Same,6,5,6:5,Same_6:5,20240430MILSG,MI,LSG,512.5,184.8,MI,MI,Same,8,3,8:3,Same_8:3,20240430MILSG,MI,LSG,227.3,383.6,LSG,MI,Different,4,7,7:4,Different_7:4
20240501PBKSCSK,PBKS,CSK,500.40000000000003,68.6,PBKS,PBKS,Same,9,2,9:2,Same_9:2,20240501PBKSCSK,PBKS,CSK,596.0999999999999,210.0,PBKS,PBKS,Same,8,3,8:3,Same_8:3,20240501PBKSCSK,PBKS,CSK,245.4,174.60000000000002,CSK,PBKS,Different,7,4,7:4,Different_7:4,20240501PBKSCSK,PBKS,CSK,370.90000000000003,234.39999999999998,PBKS,CSK,Different,7,4,7:4,Different_7:4,20240501PBKSCSK,PBKS,CSK,322.09999999999997,280.8,CSK,PBKS,Different,6,5,6:5,Different_6:5,20240501PBKSCSK,PBKS,CSK,275.3,326.3,PBKS,CSK,Different,5,6,6:5,Different_6:5,20240501PBKSCSK,PBKS,CSK,456.4,552.5,PBKS,CSK,Different,4,7,7:4,Different_7:4,20240501PBKSCSK,PBKS,CSK,414.29999999999995,234.0,PBKS,CSK,Different,7,4,7:4,Different_7:4,20240501PBKSCSK,PBKS,CSK,324.00000000000006,319.5,PBKS,PBKS,Same,5,6,6:5,Same_6:5
20240502RRSRH,RR,SRH,584.5,136.89999999999998,RR,RR,Same,7,4,7:4,Same_7:4,20240502RRSRH,RR,SRH,432.79999999999995,103.0,RR,RR,Same,8,3,8:3,Same_8:3,20240502RRSRH,RR,SRH,310.70000000000005,237.3,RR,SRH,Different,5,6,6:5,Different_6:5,20240502RRSRH,RR,SRH,388.3,160.8,RR,RR,Same,7,4,7:4,Same_7:4,20240502RRSRH,RR,SRH,264.3,245.6,SRH,RR,Different,6,5,6:5,Different_6:5,20240502RRSRH,RR,SRH,136.0,393.9,SRH,SRH,Same,3,8,8:3,Same_8:3,20240502RRSRH,RR,SRH,440.1,455.90000000000003,RR,RR,Same,5,6,6:5,Same_6:5,20240502RRSRH,RR,SRH,208.99999999999997,663.5,SRH,SRH,Same,3,8,8:3,Same_8:3,20240502RRSRH,RR,SRH,268.5,319.8,SRH,RR,Different,6,5,6:5,Different_6:5
20240503KKRMI,KKR,MI,243.0,379.90000000000003,KKR,MI,Different,5,6,6:5,Different_6:5,20240503KKRMI,KKR,MI,203.60000000000002,411.79999999999995,MI,KKR,Different,4,7,7:4,Different_7:4,20240503KKRMI,KKR,MI,137.39999999999998,364.9,MI,MI,Same,4,7,7:4,Same_7:4,20240503KKRMI,KKR,MI,384.6,346.0,KKR,KKR,Same,5,6,6:5,Same_6:5,20240503KKRMI,KKR,MI,154.3,386.1,MI,KKR,Different,3,8,8:3,Different_8:3,20240503KKRMI,KKR,MI,199.5,330.8,MI,MI,Same,5,6,6:5,Same_6:5,20240503KKRMI,KKR,MI,452.5,370.79999999999995,MI,KKR,Different,6,5,6:5,Different_6:5,20240503KKRMI,KKR,MI,417.59999999999997,275.3,KKR,MI,Different,6,5,6:5,Different_6:5,20240503KKRMI,KKR,MI,291.5,355.7,KKR,MI,Different,5,6,6:5,Different_6:5
20240504GTRCB,GT,RCB,127.5,493.20000000000005,RCB,RCB,Same,4,7,7:4,Same_7:4,20240504GTRCB,GT,RCB,94.30000000000001,665.2,RCB,RCB,Same,2,9,9:2,Same_9:2,20240504GTRCB,GT,RCB,107.4,281.0,RCB,GT,Different,3,8,8:3,Different_8:3,20240504GTRCB,GT,RCB,171.2,440.8,RCB,GT,Different,4,7,7:4,Different_7:4,20240504GTRCB,GT,RCB,282.7,328.40000000000003,GT,RCB,Different,5,6,6:5,Different_6:5,20240504GTRCB,GT,RCB,337.3,285.1,GT,RCB,Different,5,6,6:5,Different_6:5,20240504GTRCB,GT,RCB,414.4,505.40000000000003,RCB,RCB,Same,6,5,6:5,Same_6:5,20240504GTRCB,GT,RCB,394.4000000000001,296.59999999999997,GT,GT,Same,6,5,6:5,Same_6:5,20240504GTRCB,GT,RCB,313.4,333.29999999999995,GT,GT,Same,5,6,6:5,Same_6:5
20240505CSKPBKS,CSK,PBKS,102.89999999999999,447.9,PBKS,PBKS,Same,3,8,8:3,Same_8:3,20240505CSKPBKS,CSK,PBKS,203.0,525.4,PBKS,PBKS,Same,3,8,8:3,Same_8:3,20240505CSKPBKS,CSK,PBKS,150.6,281.5,CSK,PBKS,Different,3,8,8:3,Different_8:3,20240505CSKPBKS,CSK,PBKS,230.4,403.6000000000001,PBKS,CSK,Different,4,7,7:4,Different_7:4,20240505CSKPBKS,CSK,PBKS,229.50000000000003,317.29999999999995,PBKS,PBKS,Same,5,6,6:5,Same_6:5,20240505CSKPBKS,CSK,PBKS,240.8,275.7,CSK,PBKS,Different,5,6,6:5,Different_6:5,20240505CSKPBKS,CSK,PBKS,554.8,506.09999999999997,CSK,PBKS,Different,6,5,6:5,Different_6:5,20240505CSKPBKS,CSK,PBKS,284.6,351.30000000000007,PBKS,CSK,Different,5,6,6:5,Different_6:5,20240505CSKPBKS,CSK,PBKS,401.20000000000005,313.7,CSK,PBKS,Different,6,5,6:5,Different_6:5
20240505KKRLSG,KKR,LSG,140.1,529.0,KKR,LSG,Different,2,9,9:2,Different_9:2,20240505KKRLSG,KKR,LSG,193.39999999999998,323.3,LSG,LSG,Same,4,7,7:4,Same_7:4,20240505KKRLSG,KKR,LSG,198.5,188.8,KKR,LSG,Different,6,5,6:5,Different_6:5,20240505KKRLSG,KKR,LSG,316.0,520.8,KKR,KKR,Same,3,8,8:3,Same_8:3,20240505KKRLSG,KKR,LSG,265.70000000000005,281.0,LSG,LSG,Same,6,5,6:5,Same_6:5,20240505KKRLSG,KKR,LSG,135.1,373.4,LSG,KKR,Different,3,8,8:3,Different_8:3,20240505KKRLSG,KKR,LSG,418.3,420.90000000000003,KKR,LSG,Different,5,6,6:5,Different_6:5,20240505KKRLSG,KKR,LSG,433.0,244.4,KKR,LSG,Different,7,4,7:4,Different_7:4,20240505KKRLSG,KKR,LSG,282.6,321.3,KKR,LSG,Different,5,6,6:5,Different_6:5
20240506SRHMI,SRH,MI,136.89999999999998,384.7,MI,MI,Same,4,7,7:4,Same_7:4,20240506SRHMI,SRH,MI,112.5,334.2,MI,MI,Same,4,7,7:4,Same_7:4,20240506SRHMI,SRH,MI,174.79999999999998,399.9,MI,SRH,Different,4,7,7:4,Different_7:4,20240506SRHMI,SRH,MI,164.89999999999998,425.40000000000003,MI,MI,Same,4,7,7:4,Same_7:4,20240506SRHMI,SRH,MI,204.89999999999998,287.5,SRH,MI,Different,4,7,7:4,Different_7:4,20240506SRHMI,SRH,MI,319.1,303.90000000000003,SRH,MI,Different,6,5,6:5,Different_6:5,20240506SRHMI,SRH,MI,636.1,281.4,SRH,MI,Different,8,3,8:3,Different_8:3,20240506SRHMI,SRH,MI,618.8000000000001,220.4,SRH,SRH,Same,7,4,7:4,Same_7:4,20240506SRHMI,SRH,MI,314.6,297.40000000000003,SRH,MI,Different,5,6,6:5,Different_6:5
20240507RRDC,RR,DC,601.3,102.89999999999999,RR,RR,Same,8,3,8:3,Same_8:3,20240507RRDC,RR,DC,387.2,158.2,RR,RR,Same,6,5,6:5,Same_6:5,20240507RRDC,RR,DC,287.1,181.99999999999997,RR,DC,Different,5,6,6:5,Different_6:5,20240507RRDC,RR,DC,442.09999999999997,154.3,RR,DC,Different,8,3,8:3,Different_8:3,20240507RRDC,RR,DC,322.8,162.0,RR,RR,Same,7,4,7:4,Same_7:4,20240507RRDC,RR,DC,276.5,203.0,DC,RR,Different,7,4,7:4,Different_7:4,20240507RRDC,RR,DC,481.00000000000006,400.3,DC,DC,Same,6,5,6:5,Same_6:5,20240507RRDC,RR,DC,255.3,417.79999999999995,RR,DC,Different,4,7,7:4,Different_7:4,20240507RRDC,RR,DC,192.39999999999998,392.3,DC,RR,Different,4,7,7:4,Different_7:4
20240508LSGSRH,LSG,SRH,102.89999999999999,386.2,SRH,SRH,Same,3,8,8:3,Same_8:3,20240508LSGSRH,LSG,SRH,205.5,368.79999999999995,SRH,SRH,Same,5,6,6:5,Same_6:5,20240508LSGSRH,LSG,SRH,183.8,215.9,SRH,LSG,Different,5,6,6:5,Different_6:5,20240508LSGSRH,LSG,SRH,330.3,386.1,LSG,SRH,Different,4,7,7:4,Different_7:4,20240508LSGSRH,LSG,SRH,278.5,288.7,LSG,SRH,Different,5,6,6:5,Different_6:5,20240508LSGSRH,LSG,SRH,280.0,167.50000000000003,LSG,LSG,Same,6,5,6:5,Same_6:5,20240508LSGSRH,LSG,SRH,595.5,219.1,LSG,SRH,Different,8,3,8:3,Different_8:3,20240508LSGSRH,LSG,SRH,419.59999999999997,269.20000000000005,LSG,SRH,Different,7,4,7:4,Different_7:4,20240508LSGSRH,LSG,SRH,331.90000000000003,270.6,SRH,LSG,Different,6,5,6:5,Different_6:5
20240509RCBPBKS,RCB,PBKS,68.6,539.3,PBKS,PBKS,Same,2,9,9:2,Same_9:2,20240509RCBPBKS,RCB,PBKS,159.1,512.0,PBKS,PBKS,Same,4,7,7:4,Same_7:4,20240509RCBPBKS,RCB,PBKS,127.89999999999999,250.59999999999997,PBKS,PBKS,Same,4,7,7:4,Same_7:4,20240509RCBPBKS,RCB,PBKS,337.5,426.2,RCB,PBKS,Different,4,7,7:4,Different_7:4,20240509RCBPBKS,RCB,PBKS,318.4,291.4,PBKS,RCB,Different,6,5,6:5,Different_6:5,20240509RCBPBKS,RCB,PBKS,332.1,376.2,PBKS,RCB,Different,5,6,6:5,Different_6:5,20240509RCBPBKS,RCB,PBKS,485.5,600.2,PBKS,RCB,Different,5,6,6:5,Different_6:5,20240509RCBPBKS,RCB,PBKS,296.0,363.29999999999995,PBKS,RCB,Different,5,6,6:5,Different_6:5,20240509RCBPBKS,RCB,PBKS,489.79999999999995,285.0,PBKS,RCB,Different,7,4,7:4,Different_7:4
20240510CSKGT,CSK,GT,455.59999999999997,102.89999999999999,CSK,CSK,Same,8,3,8:3,Same_8:3,20240510CSKGT,CSK,GT,372.5,134.2,CSK,CSK,Same,8,3,8:3,Same_8:3,20240510CSKGT,CSK,GT,268.7,171.79999999999998,GT,CSK,Different,7,4,7:4,Different_7:4,20240510CSKGT,CSK,GT,632.4,170.3,CSK,CSK,Same,8,3,8:3,Same_8:3,20240510CSKGT,CSK,GT,248.39999999999998,297.0,CSK,GT,Different,5,6,6:5,Different_6:5,20240510CSKGT,CSK,GT,208.0,361.8,GT,GT,Same,4,7,7:4,Same_7:4,20240510CSKGT,CSK,GT,530.4000000000001,386.6,CSK,GT,Different,6,5,6:5,Different_6:5,20240510CSKGT,CSK,GT,255.60000000000002,398.6,GT,GT,Same,5,6,6:5,Same_6:5,20240510CSKGT,CSK,GT,311.70000000000005,437.8,GT,GT,Same,5,6,6:5,Same_6:5
20240511MIKKR,MI,KKR,383.59999999999997,243.0,KKR,MI,Different,6,5,6:5,Different_6:5,20240511MIKKR,MI,KKR,331.0,194.0,MI,MI,Same,7,4,7:4,Same_7:4,20240511MIKKR,MI,KKR,431.9,129.4,MI,MI,Same,8,3,8:3,Same_8:3,20240511MIKKR,MI,KKR,344.2,384.6,KKR,KKR,Same,6,5,6:5,Same_6:5,20240511MIKKR,MI,KKR,238.3,273.7,MI,KKR,Different,5,6,6:5,Different_6:5,20240511MIKKR,MI,KKR,319.1,254.29999999999998,MI,KKR,Different,6,5,6:5,Different_6:5,20240511MIKKR,MI,KKR,431.3,375.8,MI,KKR,Different,6,5,6:5,Different_6:5,20240511MIKKR,MI,KKR,263.8,426.00000000000006,KKR,KKR,Same,5,6,6:5,Same_6:5,20240511MIKKR,MI,KKR,268.4,348.2,KKR,MI,Different,5,6,6:5,Different_6:5
20240512RRCSK,RR,CSK,192.89999999999998,439.2,CSK,RR,Different,4,7,7:4,Different_7:4,20240512RRCSK,RR,CSK,144.1,320.90000000000003,CSK,CSK,Same,4,7,7:4,Same_7:4,20240512RRCSK,RR,CSK,237.1,238.3,CSK,RR,Different,5,6,6:5,Different_6:5,20240512RRCSK,RR,CSK,180.7,585.0,CSK,CSK,Same,3,8,8:3,Same_8:3,20240512RRCSK,RR,CSK,214.3,359.79999999999995,CSK,CSK,Same,5,6,6:5,Same_6:5,20240512RRCSK,RR,CSK,256.3,214.7,CSK,RR,Different,6,5,6:5,Different_6:5,20240512RRCSK,RR,CSK,303.8,567.6,CSK,RR,Different,4,7,7:4,Different_7:4,20240512RRCSK,RR,CSK,328.6,241.2,RR,CSK,Different,6,5,6:5,Different_6:5,20240512RRCSK,RR,CSK,251.5,322.6,CSK,CSK,Same,5,6,6:5,Same_6:5
20240512DCRCB,DC,RCB,431.09999999999997,124.89999999999999,DC,DC,Same,7,4,7:4,Same_7:4,20240512DCRCB,DC,RCB,341.1,161.3,DC,DC,Same,7,4,7:4,Same_7:4,20240512DCRCB,DC,RCB,256.0,138.4,DC,DC,Same,7,4,7:4,Same_7:4,20240512DCRCB,DC,RCB,433.8,305.5,RCB,DC,Different,7,4,7:4,Different_7:4,20240512DCRCB,DC,RCB,301.5,289.49999999999994,DC,DC,Same,5,6,6:5,Same_6:5,20240512DCRCB,DC,RCB,212.6,358.8,RCB,RCB,Same,5,6,6:5,Same_6:5,20240512DCRCB,DC,RCB,120.3,628.3,RCB,RCB,Same,3,8,8:3,Same_8:3,20240512DCRCB,DC,RCB,280.49999999999994,332.4,DC,RCB,Different,5,6,6:5,Different_6:5,20240512DCRCB,DC,RCB,423.3,416.0,RCB,DC,Different,6,5,6:5,Different_6:5
20240514LSGDC,LSG,DC,451.4,102.89999999999999,LSG,LSG,Same,8,3,8:3,Same_8:3,20240514LSGDC,LSG,DC,429.5,129.89999999999998,LSG,LSG,Same,7,4,7:4,Same_7:4,20240514LSGDC,LSG,DC,167.89999999999998,190.79999999999998,LSG,DC,Different,5,6,6:5,Different_6:5,20240514LSGDC,LSG,DC,514.6999999999999,120.0,LSG,LSG,Same,9,2,9:2,Same_9:2,20240514LSGDC,LSG,DC,363.4,159.5,LSG,LSG,Same,7,4,7:4,Same_7:4,20240514LSGDC,LSG,DC,239.80000000000004,205.39999999999998,DC,LSG,Different,6,5,6:5,Different_6:5,20240514LSGDC,LSG,DC,353.5,549.4,DC,DC,Same,4,7,7:4,Same_7:4,20240514LSGDC,LSG,DC,178.4,467.20000000000005,DC,LSG,Different,3,8,8:3,Different_8:3,20240514LSGDC,LSG,DC,192.60000000000002,491.2,DC,DC,Same,3,8,8:3,Same_8:3
20240515PBKSRR,PBKS,RR,601.8,34.3,PBKS,PBKS,Same,10,1,10:1,Same_10:1,20240515PBKSRR,PBKS,RR,584.8,118.6,PBKS,PBKS,Same,8,3,8:3,Same_8:3,20240515PBKSRR,PBKS,RR,280.0,165.8,RR,RR,Same,7,4,7:4,Same_7:4,20240515PBKSRR,PBKS,RR,408.50000000000006,199.89999999999998,PBKS,RR,Different,7,4,7:4,Different_7:4,20240515PBKSRR,PBKS,RR,351.4,199.8,PBKS,RR,Different,7,4,7:4,Different_7:4,20240515PBKSRR,PBKS,RR,423.0,201.70000000000002,PBKS,PBKS,Same,7,4,7:4,Same_7:4,20240515PBKSRR,PBKS,RR,602.7,387.79999999999995,PBKS,PBKS,Same,6,5,6:5,Same_6:5,20240515PBKSRR,PBKS,RR,347.50000000000006,291.9,RR,PBKS,Different,6,5,6:5,Different_6:5,20240515PBKSRR,PBKS,RR,382.7,205.0,PBKS,PBKS,Same,7,4,7:4,Same_7:4
20240517LSGMI,LSG,MI,137.2,374.3,MI,MI,Same,4,7,7:4,Same_7:4,20240517LSGMI,LSG,MI,238.40000000000003,349.20000000000005,LSG,MI,Different,5,6,6:5,Different_6:5,20240517LSGMI,LSG,MI,101.80000000000001,397.69999999999993,MI,MI,Same,3,8,8:3,Same_8:3,20240517LSGMI,LSG,MI,364.0,426.2,LSG,MI,Different,4,7,7:4,Different_7:4,20240517LSGMI,LSG,MI,347.5,284.59999999999997,MI,LSG,Different,7,4,7:4,Different_7:4,20240517LSGMI,LSG,MI,306.70000000000005,367.8,LSG,MI,Different,5,6,6:5,Different_6:5,20240517LSGMI,LSG,MI,620.1,295.0,LSG,LSG,Same,7,4,7:4,Same_7:4,20240517LSGMI,LSG,MI,285.20000000000005,275.1,LSG,LSG,Same,5,6,6:5,Same_6:5,20240517LSGMI,LSG,MI,243.10000000000002,338.3,MI,MI,Same,5,6,6:5,Same_6:5
20240518CSKRCB,CSK,RCB,566.6,68.6,CSK,CSK,Same,9,2,9:2,Same_9:2,20240518CSKRCB,CSK,RCB,321.6,138.89999999999998,CSK,CSK,Same,7,4,7:4,Same_7:4,20240518CSKRCB,CSK,RCB,273.1,147.6,CSK,RCB,Different,7,4,7:4,Different_7:4,20240518CSKRCB,CSK,RCB,581.0,143.8,CSK,CSK,Same,8,3,8:3,Same_8:3,20240518CSKRCB,CSK,RCB,271.8,298.7,CSK,RCB,Different,5,6,6:5,Different_6:5,20240518CSKRCB,CSK,RCB,233.7,322.79999999999995,RCB,CSK,Different,5,6,6:5,Different_6:5,20240518CSKRCB,CSK,RCB,513.1999999999999,348.6,RCB,CSK,Different,6,5,6:5,Different_6:5,20240518CSKRCB,CSK,RCB,210.1,351.0,CSK,RCB,Different,4,7,7:4,Different_7:4,20240518CSKRCB,CSK,RCB,254.8,379.3,RCB,RCB,Same,5,6,6:5,Same_6:5
20240519PBKSSRH,PBKS,SRH,134.6,389.5,SRH,PBKS,Different,3,8,8:3,Different_8:3,20240519PBKSSRH,PBKS,SRH,191.5,256.5,SRH,PBKS,Different,6,5,6:5,Different_6:5,20240519PBKSSRH,PBKS,SRH,207.4,215.79999999999998,PBKS,SRH,Different,5,6,6:5,Different_6:5,20240519PBKSSRH,PBKS,SRH,232.90000000000003,393.4,SRH,PBKS,Different,5,6,6:5,Different_6:5,20240519PBKSSRH,PBKS,SRH,308.2,293.2,PBKS,PBKS,Same,5,6,6:5,Same_6:5,20240519PBKSSRH,PBKS,SRH,310.5,140.10000000000002,PBKS,PBKS,Same,7,4,7:4,Same_7:4,20240519PBKSSRH,PBKS,SRH,303.4,390.7,SRH,SRH,Same,5,6,6:5,Same_6:5,20240519PBKSSRH,PBKS,SRH,436.2,237.1,PBKS,PBKS,Same,7,4,7:4,Same_7:4,20240519PBKSSRH,PBKS,SRH,304.6,240.5,PBKS,PBKS,Same,6,5,6:5,Same_6:5
20240521SRHKKR,SRH,KKR,34.3,522.2,KKR,KKR,Same,1,10,10:1,Same_10:1,20240521SRHKKR,SRH,KKR,111.9,337.6,KKR,KKR,Same,3,8,8:3,Same_8:3,20240521SRHKKR,SRH,KKR,225.5,230.5,SRH,KKR,Different,6,5,6:5,Different_6:5,20240521SRHKKR,SRH,KKR,158.7,445.5,KKR,KKR,Same,3,8,8:3,Same_8:3,20240521SRHKKR,SRH,KKR,313.40000000000003,282.7,KKR,SRH,Different,6,5,6:5,Different_6:5,20240521SRHKKR,SRH,KKR,304.8,191.60000000000002,SRH,KKR,Different,7,4,7:4,Different_7:4,20240521SRHKKR,SRH,KKR,545.0,364.5,SRH,KKR,Different,7,4,7:4,Different_7:4,20240521SRHKKR,SRH,KKR,613.8000000000001,229.4,SRH,SRH,Same,7,4,7:4,Same_7:4,20240521SRHKKR,SRH,KKR,257.4,322.3,KKR,KKR,Same,5,6,6:5,Same_6:5
20240522RCBRR,RCB,RR,102.89999999999999,604.0999999999999,RR,RR,Same,3,8,8:3,Same_8:3,20240522RCBRR,RCB,RR,103.6,448.20000000000005,RR,RR,Same,3,8,8:3,Same_8:3,20240522RCBRR,RCB,RR,140.7,337.7,RR,RR,Same,5,6,6:5,Same_6:5,20240522RCBRR,RCB,RR,178.1,417.5,RR,RCB,Different,4,7,7:4,Different_7:4,20240522RCBRR,RCB,RR,302.6,222.90000000000003,RCB,RCB,Same,6,5,6:5,Same_6:5,20240522RCBRR,RCB,RR,294.4,226.39999999999998,RCB,RCB,Same,5,6,6:5,Same_6:5,20240522RCBRR,RCB,RR,353.6,476.4,RCB,RR,Different,5,6,6:5,Different_6:5,20240522RCBRR,RCB,RR,468.50000000000006,152.0,RCB,RCB,Same,8,3,8:3,Same_8:3,20240522RCBRR,RCB,RR,352.9,347.5,RCB,RCB,Same,5,6,6:5,Same_6:5
20240524SRHRR,SRH,RR,141.89999999999998,529.8000000000001,RR,RR,Same,4,7,7:4,Same_7:4,20240524SRHRR,SRH,RR,134.29999999999998,402.59999999999997,RR,RR,Same,4,7,7:4,Same_7:4,20240524SRHRR,SRH,RR,185.29999999999998,291.59999999999997,RR,RR,Same,6,5,6:5,Same_6:5,20240524SRHRR,SRH,RR,232.2,391.0,RR,RR,Same,5,6,6:5,Same_6:5,20240524SRHRR,SRH,RR,290.5,222.4,SRH,RR,Different,6,5,6:5,Different_6:5,20240524SRHRR,SRH,RR,191.09999999999997,258.09999999999997,SRH,SRH,Same,4,7,7:4,Same_7:4,20240524SRHRR,SRH,RR,409.09999999999997,473.20000000000005,SRH,RR,Different,5,6,6:5,Different_6:5,20240524SRHRR,SRH,RR,508.6,244.7,SRH,SRH,Same,6,5,6:5,Same_6:5,20240524SRHRR,SRH,RR,301.4,342.4,SRH,RR,Different,5,6,6:5,Different_6:5
20240526SRHKKR,SRH,KKR,73.3,447.0,KKR,KKR,Same,2,9,9:2,Same_9:2,20240526SRHKKR,SRH,KKR,102.0,329.4,KKR,KKR,Same,3,8,8:3,Same_8:3,20240526SRHKKR,SRH,KKR,207.80000000000004,217.50000000000003,SRH,KKR,Different,6,5,6:5,Different_6:5,20240526SRHKKR,SRH,KKR,131.8,467.20000000000005,KKR,KKR,Same,3,8,8:3,Same_8:3,20240526SRHKKR,SRH,KKR,371.09999999999997,238.9,SRH,KKR,Different,7,4,7:4,Different_7:4,20240526SRHKKR,SRH,KKR,188.70000000000002,273.20000000000005,SRH,KKR,Different,4,7,7:4,Different_7:4,20240526SRHKKR,SRH,KKR,464.5,432.90000000000003,KKR,SRH,Different,6,5,6:5,Different_6:5,20240526SRHKKR,SRH,KKR,597.7,226.3,SRH,SRH,Same,7,4,7:4,Same_7:4,20240526SRHKKR,SRH,KKR,286.3,314.79999999999995,KKR,KKR,Same,6,5,6:5,Same_6:5
